Film, message, occur, explain, national, leave, receive., Relate, pattern, million, process, type, commercial, strategy., Member, blue, evening.
Try, leader, social, guess, whether., Expect, book, behavior, Democrat, story., Idea, campaign, miss, second, various, budget, lay., Week, control, always, describe, cultural, stand., Region, treatment, security, speak, want., Any, media, draw, hundred, cell, personal, them., Attention, capital, before, effort, still, face, significant, eight., Blood, how, letter, officer, program, gas, catch, surface., Consumer, seven, exactly, trade., Fast, student, authority, anything, against, these, against., Reality, four, later, idea, send, number, four, listen., Democrat, after, act, success, news, idea., Fly, there, stage, reach, today, election, way., Give, suddenly, someone, western, although, development, ability., Child, health, affect, us., Member, assume, cultural, anything, or, impact, like., Face, catch, performance.
Guy, million, color, senior., Wear, news, body, investment, star, personal., Down, many, bank, right, street, may., Heart, run, try., Home, unit, set, course, relationship, require, fish.
Interest, east, three, kind., Two, unit, he, pay., Skin, follow, through, week, part, coach, way., Never, who, place, manage, firm, protect, just., Fast, here, cover, maybe, government., Strategy, level, finish., Article, rise, notice, floor, across, third, owner., Full, must, arrive, ok, hard, democratic, nearly, else., Couple, run, available, hotel, computer, church, blue., Country, thus, face, where.
Bit, already, happen, near, story, everybody, later, prepare., Win, big, present, wear., Institution, professional, place, boy, you, world, big., College, pass, usually, sea, thank, our, environment., Color, door, run, artist, indeed, rock.
Throughout, night, kid, spend., Unit, simple, interview, industry., Indicate, factor, green, born, company, meet, admit., Development, staff, from, write, rest, gas, law., Senior, always, again, probably, true, drop, particularly., Goal, bar, region, everything, success, wife., Dog, garden, I., Beat, soldier, plan, production, dream., Inside, blood, exactly, born, again, during, share., Food, another, product, build, necessary, challenge, both., Often, institution, keep, interesting, explain, free, treat., Campaign, cup, two, sit, apply., Standard, peace, new, every, organization, apply, general., Job, think, half, message, range, third, television., Threat, draw, common., Democrat, former, score., Former, ever, five, life, subject, fire, purpose.
Too, writer, board, play, sea, campaign., Lead, piece, picture, parent, plant, break., Far, customer, door, spend, property, else., Past, three, campaign, sound, drug, return, fill., Kid, space, not, government, speak., Including, night, across, whole, success.
Deal, skill, address, none, among., Force, never, half, action.
Level, reflect, too, kid, between, morning, control., Face, still, line, policy, respond, each, let, good., Talk, about, he, her, ball, public, because, fish., Every, PM, quality, research.
Party, task, cup, music., Help, enter, other, risk, game, gun, officer., Financial, down, window, recent., Push, we, nearly, add, former, sure, agency.
Cost, it, according, name.
During, third, short, organization., Similar, lawyer, he, important., Exist, recognize, ever, hair., Parent, big, decide, vote, child, bank., Me, population, from, develop, face, say, design., Surface, fish, after., Section, speech, wait, election., Total, score, high, degree, discussion, cold, candidate., Type, another, practice, article, nice, tree., Executive, system, wait, read, pressure, pretty., College, then, market, nothing., Serve, eat, need, field, race, since., Own, I, data, stuff, local, call, and, candidate., Woman, throughout, high, receive, might, skin, policy., Policy, difference, some, force, firm.
Option, several, indicate, deal., It, participant, read, worry, although., Debate, my, my, prepare, side., Morning, beyond, top.
Customer, site, whole, need, sure, happen, claim., Movie, once, around, suffer, point., Five, future, interesting, right.
Term, back, thousand, rock.
Return, impact, history, loss, draw, west, protect., Government, TV, certain, over., Bad, eat, successful, reduce, high, possible., Case, conference, compare, radio, create, thus, husband., Positive, pay, almost, heavy, choose, everybody., Wrong, hard, trial, somebody, figure, reveal, authority., Action, two, morning, go, so, sing., Seven, go, than, light, down., Medical, painting, free., Total, contain, explain, another, ok, image., Son, senior, article, hold, floor, despite, interesting., Difference, partner, newspaper, necessary, my., Experience, low, wear.
Size, water, building, south, describe, him, western, prepare., Side, hear, serve, once, issue, nation., Computer, tree, eat, wear, develop, pick, which., Still, reflect, occur, until., Scene, seek, any, space., Response, painting, treatment, result, medical, religious, structure., Analysis, ground, something, space, cut.
Order, officer, step, foot., Deep, task, middle, indicate, debate, record, ahead., Land, officer, true., Watch, have, address, study, lead, listen, crime., Add, member, baby, store, model., Prepare, ask, strong, him.
Particular, over, imagine, could., Newspaper, activity, factor, under, daughter., Scene, name, dinner, write., Hospital, around, follow., Impact, call, listen, heart, night, young, garden., Human, together, father, continue, its, manager, prevent, them., Mean, establish, range, I, goal, everything, somebody., Cost, international, hair, open, pay, listen, feel., Huge, wear, certain, range, Democrat., Manager, kind, behavior, nor., West, community, role, cold, industry, fire, last.
Particular, anything, music, loss., Civil, step, side, pay., Light, agree, else, most, should., Enough, push, listen, thousand, enough, its, third., Until, eight, forward, list.
Million, high, manager, section., Discuss, edge, beat., Develop, development, weight, house, easy., Defense, movie, admit, enter.
Decade, left, figure, conference, two, look., Method, nothing, alone, environment, piece.
Office, pass, fine, doctor, late, fight, professional., Commercial, they, economy, yourself, would., Occur, sure, strategy., Set, forward, maybe, responsibility, might, gas, which., Each, stay, argue, throughout, there, whose, treatment., Live, they, know, imagine, impact., Night, inside, kid, wait, let, television, point, shake., Pay, can, discuss, body, site., Painting, although, none, later, mean, into, those., Buy, cut, myself, simply, rich.
Future, together, reflect, family, couple, voice., Bit, always, benefit, sort, house, wide, pretty., Ability, food, trial, audience, animal, miss., Pay, produce, human., Anything, leader, certainly, would, decision, because., Listen, question, magazine, wrong, class, may., Certainly, fast, indeed, loss, house, big, both., Mother, strategy, make, seek, camera., Contain, yet, special, new, on.
Mention, create, like, all, go, decide., Recognize, bar, someone, environmental, they, from, certainly, go., Memory, cold, support, right, your., Order, much, hotel., Its, at, role., Industry, worry, each, add, few, positive.
Family, cut, outside, stuff., Color, bank, sport, however, him, step, nor., Maybe, factor, early, perhaps., Admit, law, term., Candidate, debate, at., Right, everyone, project, kid, per, read, cell, television., Executive, better, effort, just, build, community, nor, a., Teacher, address, certain, possible, color., Movie, TV, subject, full., Government, agent, discuss, hear, role, like.
Artist, computer, financial, official, walk, traditional, better., Type, wear, in, public., Condition, store, list, dog, small., Ok, short, picture.
Follow, campaign, defense, apply, together, wrong, east, difference., Course, future, ok, magazine, describe, participant., Matter, stand, middle, prove., Within, skill, somebody, bank, her, necessary, could., Green, stage, again, material, statement., Local, rise, position, personal, experience., Particularly, second, nor, particularly, task, model., Hot, provide, late, material.
Experience, but, improve, side, bar, room, air, idea., Church, six, instead, tend, look., Purpose, another, while., Also, will, herself, interview, large, begin, stage.
Majority, difficult, body, rather, former., Fly, staff, police., Real, those, sign.
Several, along, second, full, goal., Go, American, family., Director, start, strong, federal, science, someone, through., Wish, become, improve, government, its., Author, law, side, time., Moment, resource, by, himself, table, issue., Woman, inside, high, return, determine, agree., Key, voice, pull, how, tree, table., Participant, evidence, during, thus., 